[
  {
    "name": "Application Start",
    "start": 1585277217575,
    "end": 1585277217899,
    "duration": 324,
    "pid": 29192,
    "index": 0
  },
  {
    "name": "Load Plugin",
    "start": 1585277217579,
    "end": 1585277217590,
    "duration": 11,
    "pid": 29192,
    "index": 1
  },
  {
    "name": "Load Config",
    "start": 1585277217590,
    "end": 1585277217606,
    "duration": 16,
    "pid": 29192,
    "index": 2
  },
  {
    "name": "Require(0) config/config.default.js",
    "start": 1585277217591,
    "end": 1585277217591,
    "duration": 0,
    "pid": 29192,
    "index": 3
  },
  {
    "name": "Require(1) node_modules/egg-session/config/config.default.js",
    "start": 1585277217592,
    "end": 1585277217593,
    "duration": 1,
    "pid": 29192,
    "index": 4
  },
  {
    "name": "Require(2) node_modules/egg-security/config/config.default.js",
    "start": 1585277217595,
    "end": 1585277217595,
    "duration": 0,
    "pid": 29192,
    "index": 5
  },
  {
    "name": "Require(3) node_modules/egg-jsonp/config/config.default.js",
    "start": 1585277217595,
    "end": 1585277217596,
    "duration": 1,
    "pid": 29192,
    "index": 6
  },
  {
    "name": "Require(4) node_modules/egg-onerror/config/config.default.js",
    "start": 1585277217596,
    "end": 1585277217596,
    "duration": 0,
    "pid": 29192,
    "index": 7
  },
  {
    "name": "Require(5) node_modules/egg-i18n/config/config.default.js",
    "start": 1585277217596,
    "end": 1585277217597,
    "duration": 1,
    "pid": 29192,
    "index": 8
  },
  {
    "name": "Require(6) node_modules/egg-watcher/config/config.default.js",
    "start": 1585277217597,
    "end": 1585277217597,
    "duration": 0,
    "pid": 29192,
    "index": 9
  },
  {
    "name": "Require(7) node_modules/egg-schedule/config/config.default.js",
    "start": 1585277217598,
    "end": 1585277217598,
    "duration": 0,
    "pid": 29192,
    "index": 10
  },
  {
    "name": "Require(8) node_modules/egg-multipart/config/config.default.js",
    "start": 1585277217598,
    "end": 1585277217598,
    "duration": 0,
    "pid": 29192,
    "index": 11
  },
  {
    "name": "Require(9) node_modules/egg-development/config/config.default.js",
    "start": 1585277217599,
    "end": 1585277217599,
    "duration": 0,
    "pid": 29192,
    "index": 12
  },
  {
    "name": "Require(10) node_modules/egg-logrotator/config/config.default.js",
    "start": 1585277217599,
    "end": 1585277217600,
    "duration": 1,
    "pid": 29192,
    "index": 13
  },
  {
    "name": "Require(11) node_modules/egg-static/config/config.default.js",
    "start": 1585277217600,
    "end": 1585277217600,
    "duration": 0,
    "pid": 29192,
    "index": 14
  },
  {
    "name": "Require(12) node_modules/egg-view/config/config.default.js",
    "start": 1585277217600,
    "end": 1585277217601,
    "duration": 1,
    "pid": 29192,
    "index": 15
  },
  {
    "name": "Require(13) node_modules/egg/config/config.default.js",
    "start": 1585277217601,
    "end": 1585277217601,
    "duration": 0,
    "pid": 29192,
    "index": 16
  },
  {
    "name": "Require(14) config/config.default.js",
    "start": 1585277217602,
    "end": 1585277217602,
    "duration": 0,
    "pid": 29192,
    "index": 17
  },
  {
    "name": "Require(15) node_modules/egg-security/config/config.local.js",
    "start": 1585277217603,
    "end": 1585277217603,
    "duration": 0,
    "pid": 29192,
    "index": 18
  },
  {
    "name": "Require(16) node_modules/egg-watcher/config/config.local.js",
    "start": 1585277217604,
    "end": 1585277217604,
    "duration": 0,
    "pid": 29192,
    "index": 19
  },
  {
    "name": "Require(17) node_modules/egg-view/config/config.local.js",
    "start": 1585277217604,
    "end": 1585277217605,
    "duration": 1,
    "pid": 29192,
    "index": 20
  },
  {
    "name": "Require(18) node_modules/egg/config/config.local.js",
    "start": 1585277217605,
    "end": 1585277217605,
    "duration": 0,
    "pid": 29192,
    "index": 21
  },
  {
    "name": "Load extend/application.js",
    "start": 1585277217607,
    "end": 1585277217614,
    "duration": 7,
    "pid": 29192,
    "index": 22
  },
  {
    "name": "Require(19) node_modules/egg-session/app/extend/application.js",
    "start": 1585277217608,
    "end": 1585277217608,
    "duration": 0,
    "pid": 29192,
    "index": 23
  },
  {
    "name": "Require(20) node_modules/egg-security/app/extend/application.js",
    "start": 1585277217608,
    "end": 1585277217609,
    "duration": 1,
    "pid": 29192,
    "index": 24
  },
  {
    "name": "Require(21) node_modules/egg-jsonp/app/extend/application.js",
    "start": 1585277217609,
    "end": 1585277217610,
    "duration": 1,
    "pid": 29192,
    "index": 25
  },
  {
    "name": "Require(22) node_modules/egg-logrotator/app/extend/application.js",
    "start": 1585277217611,
    "end": 1585277217612,
    "duration": 1,
    "pid": 29192,
    "index": 26
  },
  {
    "name": "Require(23) node_modules/egg-view/app/extend/application.js",
    "start": 1585277217612,
    "end": 1585277217613,
    "duration": 1,
    "pid": 29192,
    "index": 27
  },
  {
    "name": "Load extend/request.js",
    "start": 1585277217614,
    "end": 1585277217617,
    "duration": 3,
    "pid": 29192,
    "index": 28
  },
  {
    "name": "Require(24) node_modules/egg/app/extend/request.js",
    "start": 1585277217615,
    "end": 1585277217616,
    "duration": 1,
    "pid": 29192,
    "index": 29
  },
  {
    "name": "Load extend/response.js",
    "start": 1585277217617,
    "end": 1585277217621,
    "duration": 4,
    "pid": 29192,
    "index": 30
  },
  {
    "name": "Require(25) node_modules/egg/app/extend/response.js",
    "start": 1585277217619,
    "end": 1585277217620,
    "duration": 1,
    "pid": 29192,
    "index": 31
  },
  {
    "name": "Load extend/context.js",
    "start": 1585277217621,
    "end": 1585277217676,
    "duration": 55,
    "pid": 29192,
    "index": 32
  },
  {
    "name": "Require(26) node_modules/egg-security/app/extend/context.js",
    "start": 1585277217621,
    "end": 1585277217629,
    "duration": 8,
    "pid": 29192,
    "index": 33
  },
  {
    "name": "Require(27) node_modules/egg-jsonp/app/extend/context.js",
    "start": 1585277217629,
    "end": 1585277217630,
    "duration": 1,
    "pid": 29192,
    "index": 34
  },
  {
    "name": "Require(28) node_modules/egg-i18n/app/extend/context.js",
    "start": 1585277217631,
    "end": 1585277217631,
    "duration": 0,
    "pid": 29192,
    "index": 35
  },
  {
    "name": "Require(29) node_modules/egg-multipart/app/extend/context.js",
    "start": 1585277217631,
    "end": 1585277217671,
    "duration": 40,
    "pid": 29192,
    "index": 36
  },
  {
    "name": "Require(30) node_modules/egg-view/app/extend/context.js",
    "start": 1585277217672,
    "end": 1585277217672,
    "duration": 0,
    "pid": 29192,
    "index": 37
  },
  {
    "name": "Require(31) node_modules/egg/app/extend/context.js",
    "start": 1585277217673,
    "end": 1585277217674,
    "duration": 1,
    "pid": 29192,
    "index": 38
  },
  {
    "name": "Require(32) app/extend/context.js",
    "start": 1585277217674,
    "end": 1585277217675,
    "duration": 1,
    "pid": 29192,
    "index": 39
  },
  {
    "name": "Load extend/helper.js",
    "start": 1585277217676,
    "end": 1585277217690,
    "duration": 14,
    "pid": 29192,
    "index": 40
  },
  {
    "name": "Require(33) node_modules/egg-security/app/extend/helper.js",
    "start": 1585277217676,
    "end": 1585277217687,
    "duration": 11,
    "pid": 29192,
    "index": 41
  },
  {
    "name": "Require(34) node_modules/egg/app/extend/helper.js",
    "start": 1585277217688,
    "end": 1585277217689,
    "duration": 1,
    "pid": 29192,
    "index": 42
  },
  {
    "name": "Load app.js",
    "start": 1585277217690,
    "end": 1585277217722,
    "duration": 32,
    "pid": 29192,
    "index": 43
  },
  {
    "name": "Require(35) node_modules/egg-session/app.js",
    "start": 1585277217691,
    "end": 1585277217691,
    "duration": 0,
    "pid": 29192,
    "index": 44
  },
  {
    "name": "Require(36) node_modules/egg-security/app.js",
    "start": 1585277217692,
    "end": 1585277217693,
    "duration": 1,
    "pid": 29192,
    "index": 45
  },
  {
    "name": "Require(37) node_modules/egg-onerror/app.js",
    "start": 1585277217693,
    "end": 1585277217699,
    "duration": 6,
    "pid": 29192,
    "index": 46
  },
  {
    "name": "Require(38) node_modules/egg-i18n/app.js",
    "start": 1585277217700,
    "end": 1585277217715,
    "duration": 15,
    "pid": 29192,
    "index": 47
  },
  {
    "name": "Require(39) node_modules/egg-watcher/app.js",
    "start": 1585277217715,
    "end": 1585277217717,
    "duration": 2,
    "pid": 29192,
    "index": 48
  },
  {
    "name": "Require(40) node_modules/egg-schedule/app.js",
    "start": 1585277217717,
    "end": 1585277217718,
    "duration": 1,
    "pid": 29192,
    "index": 49
  },
  {
    "name": "Require(41) node_modules/egg-multipart/app.js",
    "start": 1585277217719,
    "end": 1585277217720,
    "duration": 1,
    "pid": 29192,
    "index": 50
  },
  {
    "name": "Require(42) node_modules/egg-development/app.js",
    "start": 1585277217720,
    "end": 1585277217721,
    "duration": 1,
    "pid": 29192,
    "index": 51
  },
  {
    "name": "Require(43) node_modules/egg-logrotator/app.js",
    "start": 1585277217721,
    "end": 1585277217721,
    "duration": 0,
    "pid": 29192,
    "index": 52
  },
  {
    "name": "Require(44) node_modules/egg-static/app.js",
    "start": 1585277217721,
    "end": 1585277217721,
    "duration": 0,
    "pid": 29192,
    "index": 53
  },
  {
    "name": "Before Start in node_modules/egg-watcher/lib/init.js:15:14",
    "start": 1585277217734,
    "end": 1585277217898,
    "duration": 164,
    "pid": 29192,
    "index": 54
  },
  {
    "name": "Load Service",
    "start": 1585277217761,
    "end": 1585277217789,
    "duration": 28,
    "pid": 29192,
    "index": 55
  },
  {
    "name": "Load \"service\" to Context",
    "start": 1585277217761,
    "end": 1585277217789,
    "duration": 28,
    "pid": 29192,
    "index": 56
  },
  {
    "name": "Load Middleware",
    "start": 1585277217789,
    "end": 1585277217853,
    "duration": 64,
    "pid": 29192,
    "index": 57
  },
  {
    "name": "Load \"middlewares\" to Application",
    "start": 1585277217790,
    "end": 1585277217843,
    "duration": 53,
    "pid": 29192,
    "index": 58
  },
  {
    "name": "Load Controller",
    "start": 1585277217853,
    "end": 1585277217855,
    "duration": 2,
    "pid": 29192,
    "index": 59
  },
  {
    "name": "Load \"controller\" to Application",
    "start": 1585277217853,
    "end": 1585277217855,
    "duration": 2,
    "pid": 29192,
    "index": 60
  },
  {
    "name": "Load Router",
    "start": 1585277217855,
    "end": 1585277217858,
    "duration": 3,
    "pid": 29192,
    "index": 61
  },
  {
    "name": "Require(45) app/router.js",
    "start": 1585277217855,
    "end": 1585277217856,
    "duration": 1,
    "pid": 29192,
    "index": 62
  },
  {
    "name": "Before Start in node_modules/egg-core/lib/egg.js:303:10",
    "start": 1585277217856,
    "end": 1585277217881,
    "duration": 25,
    "pid": 29192,
    "index": 63
  }
]